﻿Designator,Footprint,Quantity,Value,LCSC Part #
"C1, C10",CP_Radial_D5.0mm_P2.00mm,2,10uF_25V,
"C11, C12, C2, C3, C6, C7, C8, C9",CP_Radial_D13.0mm_P5.00mm,8,1000uF_25V,
"C13, C4",CAPPRD750W80D1625H2700,2,3300uF_25V,
"C14, C5",FKP2O100331D00JSSD,2,33pF_25V,
D1,LED_D5.0mm,1,LED,
"H1, H2, H3, H4",MountingHole_3.2mm_Pad,4,MountingHole_M3_3.2mm_Pad,
"HS1, HS2, HS3, HS4",Heatsink_36.83x25.55mm_1xFixation3mm_Digikey_HS193-ND,4,Heatsink_Pad_1Pin,
"J1, J3, J5",RCJ041,3,RCJ-041,
"J2, J4, J6",RCJ041,3,RCJ-042,
J7,NYS216-U_REAN_NYS216-U,1,NYS216-U,
J8,KLDX0202BC,1,KLDX-0202-BC,
"Q1, Q2, Q7, Q8",TO-92_Inline_Wide_DSG,4,LSJ74,
"Q10, Q4",DIP-6_W7.62mm_LongPads,2,4N35,
"Q11, Q12, Q5, Q6",TO-220-3_Vertical_GDS,4,IRF610,
"Q3, Q9",TO-92_Inline_Wide_DSG,2,J113,
"R1, R10, R14, R15, R23, R32, R36, R37",R_Axial_DIN0207_L6.3mm_D2.5mm_P10.16mm_Horizontal,8,1kΩ,
"R11, R30, R33, R8",R_Axial_DIN0207_L6.3mm_D2.5mm_P10.16mm_Horizontal,4,100Ω,
"R12, R34",R_Axial_DIN0207_L6.3mm_D2.5mm_P10.16mm_Horizontal,2,2.2Ω,
"R13, R35",R_Axial_DIN0207_L6.3mm_D2.5mm_P10.16mm_Horizontal,2,6.8Ω,
"R16, R17",R_Axial_DIN0207_L6.3mm_D2.5mm_P10.16mm_Horizontal,2,33.2Ω,
"R18, R19, R20, R21",R_Axial_DIN0207_L6.3mm_D2.5mm_P10.16mm_Horizontal,4,1Ω,
"R2, R24, R25, R3",R_Axial_DIN0207_L6.3mm_D2.5mm_P10.16mm_Horizontal,4,150kΩ,
R22,R_Axial_DIN0207_L6.3mm_D2.5mm_P10.16mm_Horizontal,1,7.5kΩ,
"R26, R4",R_Axial_DIN0207_L6.3mm_D2.5mm_P10.16mm_Horizontal,2,125Ω,
"R27, R28, R29, R5, R6, R7",R_Axial_DIN0207_L6.3mm_D2.5mm_P10.16mm_Horizontal,6,33.2kΩ,
"R31, R9",R_Axial_DIN0207_L6.3mm_D2.5mm_P10.16mm_Horizontal,2,1.5kΩ,
S1,100DP1T2B4M6QE,1,100DP1T2B4M6QE,
S2,100SP1T1B1M2REH,1,100SP1T1B1M2REH,
VR1,RK27112A00A6,1,RK27112A00A6,
